{
	"pages": [{
		"path": "pages/login/login",
		"style": {
			"navigationBarBackgroundColor": "#D79468",
			"navigationBarTextStyle": "white",
			"navigationBarTitleText": "登录"
		}
	}, {
		"path": "pages/register/register",
		"style": {
			"navigationBarBackgroundColor": "#D79468",
			"navigationBarTextStyle": "white",
			"navigationBarTitleText": "注册"
		}
	}, {
		"path": "pages/forget/forget",
		"style": {
			"navigationBarBackgroundColor": "#D79468",
			"navigationBarTextStyle": "white",
			"navigationBarTitleText": "忘记密码"
		}
	}, {
		"path": "pages/center/center",
		"style": {
			"navigationBarBackgroundColor": "#D79468",
			"navigationBarTextStyle": "white",
			"navigationBarTitleText": "我的"
		}
	}, {
		"path": "pages/user-info/user-info",
		"style": {
			"navigationBarBackgroundColor": "#D79468",
			"navigationBarTextStyle": "white",
			"navigationBarTitleText": "用户信息"
		}
	}
	, {
		"path": "pages/news-detail/news-detail",
		"style": {
			"navigationBarBackgroundColor": "#D79468",
			"navigationBarTextStyle": "white",
			"navigationBarTitleText": "资讯详情"
		}
	}
			,{
		"path": "pages/yonghu/list",
		"style": {
			"navigationBarBackgroundColor": "#D79468",
			"navigationBarTextStyle": "white"
		}
	},{
		"path": "pages/yonghu/add-or-update",
		"style": {
			"navigationBarBackgroundColor": "#D79468",
			"navigationBarTextStyle": "white"
		}
	},{
		"path": "pages/yonghu/detail",
		"style": {
			"navigationBarBackgroundColor": "#D79468",
			"navigationBarTextStyle": "white"
		}
	}
				,{
		"path": "pages/qichexinxi/list",
		"style": {
			"navigationBarBackgroundColor": "#D79468",
			"navigationBarTextStyle": "white"
		}
	},{
		"path": "pages/qichexinxi/add-or-update",
		"style": {
			"navigationBarBackgroundColor": "#D79468",
			"navigationBarTextStyle": "white"
		}
	},{
		"path": "pages/qichexinxi/detail",
		"style": {
			"navigationBarBackgroundColor": "#D79468",
			"navigationBarTextStyle": "white"
		}
	}
				,{
		"path": "pages/qicheruku/list",
		"style": {
			"navigationBarBackgroundColor": "#D79468",
			"navigationBarTextStyle": "white"
		}
	},{
		"path": "pages/qicheruku/add-or-update",
		"style": {
			"navigationBarBackgroundColor": "#D79468",
			"navigationBarTextStyle": "white"
		}
	},{
		"path": "pages/qicheruku/detail",
		"style": {
			"navigationBarBackgroundColor": "#D79468",
			"navigationBarTextStyle": "white"
		}
	}
				,{
		"path": "pages/qichechuku/list",
		"style": {
			"navigationBarBackgroundColor": "#D79468",
			"navigationBarTextStyle": "white"
		}
	},{
		"path": "pages/qichechuku/add-or-update",
		"style": {
			"navigationBarBackgroundColor": "#D79468",
			"navigationBarTextStyle": "white"
		}
	},{
		"path": "pages/qichechuku/detail",
		"style": {
			"navigationBarBackgroundColor": "#D79468",
			"navigationBarTextStyle": "white"
		}
	}
				,{
		"path": "pages/qichezulin/list",
		"style": {
			"navigationBarBackgroundColor": "#D79468",
			"navigationBarTextStyle": "white"
		}
	},{
		"path": "pages/qichezulin/add-or-update",
		"style": {
			"navigationBarBackgroundColor": "#D79468",
			"navigationBarTextStyle": "white"
		}
	},{
		"path": "pages/qichezulin/detail",
		"style": {
			"navigationBarBackgroundColor": "#D79468",
			"navigationBarTextStyle": "white"
		}
	}
				,{
		"path": "pages/qicheguihai/list",
		"style": {
			"navigationBarBackgroundColor": "#D79468",
			"navigationBarTextStyle": "white"
		}
	},{
		"path": "pages/qicheguihai/add-or-update",
		"style": {
			"navigationBarBackgroundColor": "#D79468",
			"navigationBarTextStyle": "white"
		}
	},{
		"path": "pages/qicheguihai/detail",
		"style": {
			"navigationBarBackgroundColor": "#D79468",
			"navigationBarTextStyle": "white"
		}
	}
				,{
		"path": "pages/qichepinche/list",
		"style": {
			"navigationBarBackgroundColor": "#D79468",
			"navigationBarTextStyle": "white"
		}
	},{
		"path": "pages/qichepinche/add-or-update",
		"style": {
			"navigationBarBackgroundColor": "#D79468",
			"navigationBarTextStyle": "white"
		}
	},{
		"path": "pages/qichepinche/detail",
		"style": {
			"navigationBarBackgroundColor": "#D79468",
			"navigationBarTextStyle": "white"
		}
	}
				,{
		"path": "pages/pinchexinxi/list",
		"style": {
			"navigationBarBackgroundColor": "#D79468",
			"navigationBarTextStyle": "white"
		}
	},{
		"path": "pages/pinchexinxi/add-or-update",
		"style": {
			"navigationBarBackgroundColor": "#D79468",
			"navigationBarTextStyle": "white"
		}
	},{
		"path": "pages/pinchexinxi/detail",
		"style": {
			"navigationBarBackgroundColor": "#D79468",
			"navigationBarTextStyle": "white"
		}
	}
				,{
		"path": "pages/storeup/list",
		"style": {
			"navigationBarBackgroundColor": "#D79468",
			"navigationBarTextStyle": "white"
		}
	},{
		"path": "pages/storeup/add-or-update",
		"style": {
			"navigationBarBackgroundColor": "#D79468",
			"navigationBarTextStyle": "white"
		}
	},{
		"path": "pages/storeup/detail",
		"style": {
			"navigationBarBackgroundColor": "#D79468",
			"navigationBarTextStyle": "white"
		}
	}
				,{
		"path": "pages/news/list",
		"style": {
			"navigationBarBackgroundColor": "#D79468",
			"navigationBarTextStyle": "white"
		}
	},{
		"path": "pages/news/add-or-update",
		"style": {
			"navigationBarBackgroundColor": "#D79468",
			"navigationBarTextStyle": "white"
		}
	},{
		"path": "pages/news/detail",
		"style": {
			"navigationBarBackgroundColor": "#D79468",
			"navigationBarTextStyle": "white"
		}
	}
				,{
		"path": "pages/messages/list",
		"style": {
			"navigationBarBackgroundColor": "#D79468",
			"navigationBarTextStyle": "white"
		}
	},{
		"path": "pages/messages/liuyan",
		"style": {
			"navigationBarBackgroundColor": "#D79468",
			"navigationBarTextStyle": "white"
		}
	}
				,{
		"path": "pages/discussqichexinxi/list",
		"style": {
			"navigationBarBackgroundColor": "#D79468",
			"navigationBarTextStyle": "white"
		}
	},{
		"path": "pages/discussqichexinxi/add-or-update",
		"style": {
			"navigationBarBackgroundColor": "#D79468",
			"navigationBarTextStyle": "white"
		}
	},{
		"path": "pages/discussqichexinxi/detail",
		"style": {
			"navigationBarBackgroundColor": "#D79468",
			"navigationBarTextStyle": "white"
		}
	}
					, {
		"path": "pages/pay-confirm/pay-confirm",
		"style": {
			"navigationBarTitleText": "确认支付"
		}
	}
	, {
		"path": "pages/index/index",
		"style": {
			"navigationBarBackgroundColor": "#D79468",
			"navigationBarTextStyle": "white",
			"navigationBarTitleText": "首页"
		}
	}
	],
	"globalStyle": {
		"navigationBarTextStyle": "black",
		"navigationBarTitleText": "微信小程序小区租拼车管理信息系统",
		"navigationBarBackgroundColor": "#F8F8F8",
		"backgroundColor": "#F8F8F8"
	},
	"tabBar": {
		"color": "#000000",
		"selectedColor": "#D79468",
		"borderStyle": "white",
		"backgroundColor": "#FFFFFF",
		"list": [{
				"pagePath": "pages/index/index",
				"iconPath": "static/tabs/index.png",
				"selectedIconPath": "static/tabs/index1.png",
				"text": "首页"
			}
			
												,{
				"pagePath": "pages/qichexinxi/list",
				"iconPath": "/static/tabs/icon1.png",
				"selectedIconPath": "/static/tabs/icon1_act.png",
				"text": "汽车信息"
			}
												,{
				"pagePath": "pages/qichepinche/list",
				"iconPath": "/static/tabs/icon2.png",
				"selectedIconPath": "/static/tabs/icon2_act.png",
				"text": "汽车拼车"
			}
						
						
			,{
				"pagePath": "pages/center/center",
				"iconPath": "static/tabs/mine.png",
				"selectedIconPath": "static/tabs/mine1.png",
				"text": "我的"
			}
		]
	}
}
